window_id,train_months,test_months,lookback,minDrop,TP,SL,train_score,train_return_pct,train_win_rate,train_max_dd,train_trades,test_return_pct,test_win_rate,test_max_dd,test_trades,test_signals,opt_time_secs
10,2024-02|2024-03|2024-04|2024-05|2024-06|2024-07|2024-08|2024-09|2024-10|2024-11|2024-12|2025-01,2025-02,19,4.55,6.15,5.45,0.558506105057447,239.244022887236,54.1353383458647,-61.2937282379993,266,-39.0449640370474,31.8181818181818,-45.0948881290757,22,1086,54.2892010211945
11,2024-03|2024-04|2024-05|2024-06|2024-07|2024-08|2024-09|2024-10|2024-11|2024-12|2025-01|2025-02,2025-03,12,8.05,1,2.6,0.444557652327914,45.2027368469831,91.6666666666667,-5.9509360039151,36,2.05694950491385,100,-2.74557382942392,2,7,39.9740090370178
12,2024-04|2024-05|2024-06|2024-07|2024-08|2024-09|2024-10|2024-11|2024-12|2025-01|2025-02|2025-03,2025-04,4,6.3,1.8,2.8,0.418192195650772,34.1405472931316,72.7272727272727,-10.9342137100985,44,0,0,0,0,0,41.8804140090942
13,2024-05|2024-06|2024-07|2024-08|2024-09|2024-10|2024-11|2024-12|2025-01|2025-02|2025-03|2025-04,2025-05,5,5.55,1,3.05,0.473185709047568,36.1319248004193,79.6610169491525,-12.189348015309,118,-2.7495324663348,66.6666666666667,-6.14000647763244,6,11,42.8757929801941
14,2024-06|2024-07|2024-08|2024-09|2024-10|2024-11|2024-12|2025-01|2025-02|2025-03|2025-04|2025-05,2025-06,16,8.2,1,5.05,0.452531351375159,41.7842462447379,91.5254237288136,-9.33228150714711,59,-4.77021780897332,50,-8.13694996935509,2,2,38.8178558349609
15,2024-07|2024-08|2024-09|2024-10|2024-11|2024-12|2025-01|2025-02|2025-03|2025-04|2025-05|2025-06,2025-07,8,8.05,1,2.25,0.403042924411944,16.5190205494912,100,-2.47707036218786,13,0.891936935590984,100,-0.075,1,1,38.0847849845886
16,2024-08|2024-09|2024-10|2024-11|2024-12|2025-01|2025-02|2025-03|2025-04|2025-05|2025-06|2025-07,2025-08,16,8.85,1,1.85,0.407666987232528,15.8823219278095,84,-3.95755190195598,25,1.16747300758652,100,-1.07901654318483,1,2,46.5817439556122
17,2024-09|2024-10|2024-11|2024-12|2025-01|2025-02|2025-03|2025-04|2025-05|2025-06|2025-07|2025-08,2025-09,17,8.3,1,2.95,0.416965825878359,16.3217794915547,84.3137254901961,-10.0711189114095,51,-5.4185083667692,33.3333333333333,-6.92692632237302,3,7,44.5394511222839
18,2024-10|2024-11|2024-12|2025-01|2025-02|2025-03|2025-04|2025-05|2025-06|2025-07|2025-08|2025-09,2025-10,17,8.35,4.3,4.4,0.41352216751029,50.2596737262352,65.8536585365854,-15.2107316789603,41,-32.2220902452132,60,-48.343380103713,5,6,41.8734490871429
